RowID,message_id,date,tweet_text,positive,negative,Sentiment_score
1,2.13103E+17,6/13/2012,I love the barclays feedback machines that say we value ur feedback how was your experience they never work TopKenyanLies,,,
2,2.13335E+17,6/14/2012,Get even more Jay Z There will be a 40 40 Club at the barclays Center xa0,,,
3,2.13686E+17,6/15/2012,RbS sharesup 7 9 Lloyds up 5 2 Barclays up 4 2 on back of Bank of England planned lending boost how long will optimism last,,,
4,2.13664E+17,6/15/2012,Jay Z To Open 40 40 Club at brooklyn s Barclays Center,,,
5,2.14184E+17,6/16/2012,my life would be complete if i went to a world cup or barclays premier league game ilovesoccer WeAllPlaySoccer,,,
6,AKvM3jrbXGI,6/16/2012,send the brotha much love from the Tube,,,
7,AKvM3jrbXGI,6/16/2012,Much Luv Fam,,,
8,AKvM3jrbXGI,6/16/2012,"excellent vid, definitely poor management. they microwaved his whole career",,,
9,AKvM3jrbXGI,6/16/2012,thanks,,,
10,AKvM3jrbXGI,6/17/2012,yup. I remember the trouble he gave Trinidad first round.,,,
11,2.14631E+17,6/18/2012,The price of being locked out of home ownership Lifetime of renting costs 200k more says barclays via guardian,,,
12,2.14629E+17,6/18/2012,Anfield will host City Arsenal and Manchester United in our first three home games of the 2012 13 barclays Premier League campaign,,,
13,2.14617E+17,6/18/2012,barclays to allow parents to help with affordability across all its mortgage products,,,
14,UPrbz5R4wdM,6/18/2012,Quill songz ( the runner ) on YouTube,,,
15,2.15053E+17,6/19/2012,buying property saves money says Barclays Finance,,,
16,JbJG6TRiHv8,6/19/2012,"Dude, that's the package right there - awesome all the way around I believe Jim - great look, great set up, top notch!",,,
17,_O4XVRqfRQQ,6/19/2012,No problem. Hope it helped. Thanks for the view.,,,
18,2.15501E+17,6/20/2012,Welcome Steve Cooper Vice Chairman of barclays Business Banking to the stage,,,
19,#NAME?,6/20/2012,"thanks
i was looking for this song and video
",,,
20,2.16E+17,6/21/2012,Jimmy Carr and his account at barclays bank he criticised as having blood hungry amoral tax lawyers read to bottom,,,
21,2.15918E+17,6/21/2012,15 banks are being downgraded barclays down by 2 Bank of America down by 1 notch,,,
22,2.16239E+17,6/22/2012,FF Your guide to everything brooklyn from boutiques to Barclays to beer fests bars boites BrooklynExposed,,,
23,2.16254E+17,6/22/2012,Danielbarkerrr CrissyCriss anywhere i can send you stuff crissy Yeah sure I bank with Barclays,,,
24,Pa0EWpdJyIg,6/22/2012,That's amazing,,,
25,2.16427E+17,6/23/2012,I blame Nat West for all my late payments of bills I bank with barclays,,,
26,Pa0EWpdJyIg,6/23/2012,"whatever man - these dealerships don't hold Veyrons for very long, they're usually just garaging Continentals, Astons, and Rolls more than half the time.

Take it easy with the nitpicking",,,
27,Pa0EWpdJyIg,6/23/2012,Dadaaaaaaaaaaa,,,
28,Pa0EWpdJyIg,6/24/2012,today there was a black grand sport as well with a red interior in there - any idea if this is the same one from chelsea auto legends last year?,,,
29,2.17248E+17,6/25/2012,Oof JPMorgan just knocked 25 off its 2H brent forecast tp 97 50 Barclays still clinging to 120 oil,,,
30,2.17226E+17,6/25/2012,So barclays Bank has generated data that proves that the art market is highly psychological and social,,,
31,Pa0EWpdJyIg,6/25/2012,"Erm, 183 bhp more, faster top speed, but not much different.",,,
32,2.17867E+17,6/26/2012,SbD Global The Russian hockey league KHL will play two games at the Barclays Center in January,,,
33,2.18233E+17,6/27/2012,barclays bank too big to obey the rules Editorial n and ordinary people pay the price as ever,,,
34,2.18104E+17,6/27/2012,The attempt by staff at barclays to manipulate Libor rates is utterly outrageous and deeply damaging to the reputation of the banking sector,,,
35,2.1797E+17,6/27/2012,CORRECTION barclays to pay 454 million in a settlement with regulators over alleged manipulation of interbank rates,,,
36,2.18234E+17,6/27/2012,Council wkr fiddles expenses what happens Sacked prosecuted barclays fiddle us all no job losses no prosecution IsThisFair,,,
37,2.17973E+17,6/27/2012,Re barclays LIBOR probe It s amazing what people will put in email Highlights of the crap people wrote,,,
38,2.18014E+17,6/27/2012,Scandal at barclays is of breathtaking cynicism Fixing the market during the credit crunch An email trail exists Why aren t they in jail,,,
39,2.18216E+17,6/27/2012,Shouldn t bob Diamond be giving back his bonuses from the years when Barclays manipulated the market not this year bbcr4today,,,
40,2.18099E+17,6/27/2012,Former Treasury min Lord Myners on barclays The most corrosive failure of moral behaviour I ve ever seen in a UK institution in my life,,,
41,2.18118E+17,6/27/2012,barclays which manipulated the reference rate for 360tn worldwide has sought whistleblower status from the EC competition commission,,,
42,2.18024E+17,6/27/2012,barclays chief Bob Diamond gives up 2012 bonus over 290m fine,,,
43,2.1793E+17,6/27/2012,barclays to settle Libor probe,,,
44,2.17987E+17,6/27/2012,FbI Barclays Bank PLC Admits Misconduct Related to Submissions for the London InterBank Offered Rate and the Euro I,,,
45,2.18046E+17,6/27/2012,Never going to get responsible banking until ill gotten bonuses can be clawed back derivatives traders at barclays seem like prime examples,,,
46,2.18208E+17,6/27/2012,Chances of Cameron calling barclays immoral not holding me breath,,,
47,2.18045E+17,6/27/2012,barclays,,,
48,2.17993E+17,6/27/2012,Extraordinary barclays lied about its finances for FOUR years before during and after the crash Gets 290m fine,,,
49,2.18192E+17,6/27/2012,sharonavraham paulstpancras zerohedge had interesting suggestion that all holders of variable rate mortgages from barclays should sue,,,
50,2.17981E+17,6/27/2012,Just a little thought Where does barclays abuse leave the efficient market hypothesis,,,
51,2.17994E+17,6/27/2012,barclays Libor Charges Bank To Pay 450 Million To Settle Charges Of Market Manipulation NEW YORK Barclays,,,
52,MpcMzNQ1awk,6/27/2012,".........I.......have no words........this was absolutely phenomenal!!!! HOLY SHIT MAN! He did such a good job! There were parts where it seemed like he stifled laughs, and it made it BETTER! Like the guy is losing his mind! OMG I am so requesting more audiologs like this one! I'm requesting.....SCP-093's color test logs. The color test links are at the bottom of the SCP's page. It'll take multiple videos though XD

Tell the guy who read this that he NAILED IT! Keep up the absolutely outstandin",,,
53,d-rOtIonWFc,6/27/2012,lol when we were shite and heskey could score past us,,,
54,2.18252E+17,6/28/2012,A 290m barclays fine for the LIBOR scandal seems derisory when juxtaposed against the 1 5bn BarCap bonus pool for 11,,,
55,2.18316E+17,6/28/2012,barclays market cap off by half the amount they managed to steal from clients and markets last year,,,
56,2.18358E+17,6/28/2012,The barclays Libor scandal shows we need David Cameron to act on responsible capitalism says MuscularLiberal,,,
57,2.18255E+17,6/28/2012,Forget about the 290m fine banks especially Barclays will have to brace themselves for lawsuits and huge damage claims,,,
58,2.18543E+17,6/28/2012,UK banks face new scandal as FSA finds evidence of deceptive financial product sales barclays boss in peril,,,
59,2.18291E+17,6/28/2012,bob Diamond Rich Ricci I m not sure it helps the Barclays top brass are named after the cast of Goodfellas,,,
60,2.18256E+17,6/28/2012,Should bob Diamond resign over Barclays scandal Join our debate here,,,
61,2.1858E+17,6/28/2012,Give a man a gun and he can rob a bank Give a man a bank and he can rob the world barclays,,,
62,2.18598E+17,6/28/2012,Treasury Minister Mark Hoban confirms the Serious Fraud Office cd still prosecute those involved in the barclays Libor scandal,,,
63,2.18507E+17,6/28/2012,Ripped off britons of the Guardian cartoon Banking is a mugger s game LIBOR Barclays,,,
64,2.18464E+17,6/28/2012,Hester s bonus Fred s Knighthood Tesco s Jubilee Workfare barclays Liebor are all excesses symptoms of a dying Neo Liberal system,,,
65,2.18291E+17,6/28/2012,The Chancellor will be making a statement in the Commons shortly on Libor FSA Investigation barclays,,,
66,2.18428E+17,6/28/2012,Amazing bob Diamond says that rogue derivatives traders were not boosting Barclays They were operating purely for their own benefit,,,
67,2.1833E+17,6/28/2012,Criminal charges against barclays execs Why not If it were any member of the public we d be in the tower right now,,,
68,2.18347E+17,6/28/2012,Serious chatter in City about possibility of Diamond or barclays chair Marcus Agius standing down it has to be one or the other I m told,,,
69,2.18292E+17,6/28/2012,Important No 10 e petition calling for judicial inquiry into wrongdoing of banks barclays,,,
70,2.18312E+17,6/28/2012,barclays hit where it hurts as shares drop 12 update by our Business Editor ITVLauraK,,,
71,2.1824E+17,6/28/2012,Is UK banking having an Enron moment barclays,,,
72,2.18296E+17,6/28/2012,Lots of you saying the PM was quite happy to say strong things about JimmyCarr not so keen on doing same re rate fixing at barclays,,,
73,2.18301E+17,6/28/2012,barclays shares down 10 percent biggest slide in nearly a year thanks ReutersJamie,,,
74,2.18313E+17,6/28/2012,barclays Premier League countdown Only 51 days until it s back,,,
75,2.18279E+17,6/28/2012,UK PM David Cameron on barclays The whole management team nhave got some serious questions to answer Details soon,,,
76,2.18397E+17,6/28/2012,barclays scandal threatens the implicit deal UK establishment has done with banks since 2008 paulmasonnews blogs,,,
77,2.18311E+17,6/28/2012,Careful about barclays if Diamond charged there s a real danger the banks won t be attract talented people like him to carry on cheating,,,
78,2.18241E+17,6/28/2012,barclays acting at the direction of senior management engaged in other serious unlawful conduct concerning LIBOR says US regulator CFTC,,,
79,2.18477E+17,6/28/2012,Relieved to see it was only a few bad apples at barclays that seems fine,,,
80,2.18319E+17,6/28/2012,Our e petition for public inquiry into banks gathers momentum now over 1000 barclays,,,
81,LF6hpuQOYJY,6/28/2012,Thanks Stephanie! Hope the nude women cover didn't offend you. I'll see what I can do with showing my face in a video. I'll possibly just authorize the video to you and the other subscribers including stringchild1 here. Hope you had a great birthday! Thanks!,,,
82,_YmFKsmk2vY,6/28/2012,did not see that one coming,,,
83,H_yYVF-XKi8,6/28/2012,name of the song? quality video btw keep them coming!,,,
84,svXJUmsNvW0,6/28/2012,Fat bastid,,,
85,_YmFKsmk2vY,6/28/2012,theres a fucking ladder... *facepalm*,,,
86,2.18647E+17,6/29/2012,I can see why George Osborne is angry about barclays Artificially manipulating official interest rates is the Bank of England s job qe,,,
87,2.18785E+17,6/29/2012,Why bob Diamond should keep his job at Barclays but only if he adopts this 10 point recovery plan,,,
88,2.18822E+17,6/29/2012,FTWEEKEND FRONT PAGE barclays failed to act on three warnings skypapers,,,
89,2.18736E+17,6/29/2012,David Cameron refuses inquiry into banks Feeling a bit like the Mafia barclays,,,
90,2.18671E+17,6/29/2012,RT mediacoach Well done The Sun sub editor who wrote the barclays scandal headline Sign on you crazy Diamond,,,
91,2.18678E+17,6/29/2012,The brilliant modern toss on barclays probably,,,
92,2.18775E+17,6/29/2012,blogpost That Barclays LIBOR fixing matter gfc2,,,
93,2.18627E+17,6/29/2012,My complaint to Met Police re barclays fraud confirmed Crime Reference Number CHS20120629002017,,,
94,hC6goEGwh4U,6/29/2012,It's alll fraud. 453 million is such a pittance.,,,
95,fdV-rH-Dbh8,6/29/2012,quels farceurs ces banquiers,,,
96,WsBYo0kyKtg,6/29/2012,"Yes, it can, also for Photoshop Elements...",,,
97,SSn5Bl36wo8,6/29/2012,Nice:) Thx for sharing ,,,
98,2.19056E+17,6/30/2012,sunny hundal can I input Today pollytoynbee has flagged that NHS Commissioning board is to be led by Vice Chair of Barclays NetrootsUK,,,
99,2.19055E+17,6/30/2012,tom watson I ve voted with my feet and closed down my barclays accounts Hit them where it hurts TakethatDiamond,,,
100,2.19157E+17,6/30/2012,What the hell is going on Naguib Kheraj Vice Chairman of barclays Bank is among new director appointments 2 the NHS Commissioning Board,,,
101,_YmFKsmk2vY,6/30/2012,no prob man! if you have an iphone or ipod touch theres an app called soundhound that finds basically any song. thats how i found this. ,,,
102,mDbbrjxbJXc,6/30/2012,"Bring the rule of the rich bankers to an end. 
Bring the rule of the global corporations to an end.
Bring the rule of democratic puppet politicians in the paid service of the elite to an end.
Bring the rule of dynastic families of privilege to an end.

 
MERITOCRATIC SOCIAL CAPITALSIM – THE DIALECTICAL FUTURE.",,,
103,2.19434E+17,7/1/2012,barclays banking scandal time to come in from the cold on reform I Larry Elliott,,,
104,2.1954E+17,7/1/2012,So Marcus Agius gets the chop at barclays but is he still Chair of BBA Libor to wom his own bank lied Still on the BBC Executive Board,,,
105,2.19687E+17,7/1/2012,I hope departure of Agius is not deemed to have settled the barclays scandal Radical containment of banks needed,,,
106,2.19548E+17,7/1/2012,barclays boss quits as scandal deepens,,,
107,2.19649E+17,7/1/2012,twe Huff Post Reports barclays Chairman To Resign In Wake Of Scandal business money,,,
108,2.19536E+17,7/1/2012,Top story barclays scandal forces out chairman Marcus Agius,,,
109,2.19674E+17,7/1/2012,bREAKING Barclays Chairman Marcus Agius has stepped down admitting The buck stops with me,,,
110,2.19685E+17,7/1/2012,barclays chairman quits in bid to stop the bleeding,,,
111,2.19502E+17,7/1/2012,barclays Chairman To Stand Down,,,
112,2.19358E+17,7/1/2012,barclays has boasted it didn t need a state bail out No it just relied on fraud instead Now you decide which is better,,,
113,2.19547E+17,7/1/2012,i FRONT PAGE n barclays Bank chairman quits skypapers,,,
114,2.19349E+17,7/1/2012,barclay s I rest my case Fraud has been committed Jail the Bankers Fraud Act 2006 s 2 Just saying Barclays MARR,,,
115,2.19616E+17,7/1/2012,barclays chairman Marcus Agius to quit after the group was fined for attempting to manipulate inter bank lending rate,,,
116,2.19521E+17,7/1/2012,Top story barclays chairman Marcus Agius poised for departure,,,
117,H_yYVF-XKi8,7/1/2012,COYS! From America :D,,,
118,vITCFYn58vI,7/1/2012,"Billy + Cereal =Nom
",,,
119,g-6WGEiIH0M,7/1/2012,"mate, how did you get all these footage and put it up to youtube?????",,,
120,mDbbrjxbJXc,7/1/2012,"I don't know what is wrong with YouTube, but any video that starts with a commercial takes 2 minutes to start,?",,,
121,mDbbrjxbJXc,7/1/2012,MAX AV WAITED FOR THIS REPORT FOR LONGS THANX STACY,,,
122,mDbbrjxbJXc,7/1/2012,lol,,,
123,2.19759E+17,7/2/2012,Agius barclays banking scandal Harrison A4E fraud Coulson News International perjury All advisers to Cameron BAD JUDGMENT DAVE,,,
124,2.19822E+17,7/2/2012,Osborne SFO urgently looking at fraud and accounting issues arising from Liebor scandal at barclays,,,
125,2.19709E+17,7/2/2012,barclays Chairman resigns The buck stops with me,,,
126,2.19828E+17,7/2/2012,If you think barclays hit hard by a 290m fine what about drugs giant GSK 1 9bn fines for US mis selling,,,
127,2.20046E+17,7/2/2012,bob Diamond quits Barclays to spend more time with his bonus,,,
128,2.19882E+17,7/2/2012,Submitter ISM under 50 but if S P closes red I am a dead man barclays Done for you big boy Submitter Bottle of Bollinger 4 U,,,
129,2.19912E+17,7/2/2012,These events bob Diamond writes to Barclays staff libor,,,
130,2.20044E+17,7/2/2012,bBC Bob Diamond CX of Barclays resigns and Marcus Agius who resigned yesterday will become full time til he goes to find successor,,,
131,2.19803E+17,7/2/2012,barclays Boss Admits Culture Failings,,,
132,2.19712E+17,7/2/2012,I am Marcus Agius Commander of barclays loyal servant of Money father to a murdered job and I WILL have my bonus in this life or the next,,,
133,2.19773E+17,7/2/2012,Were you up at 5am CST when I first tweeted this barclays Manipulates Libor While Auditor PwC Snoozes Forbes,,,
134,2.20043E+17,7/2/2012,barclays chief executive Bob Diamond has resigned with immediate effect bank source says PA,,,
135,2.19751E+17,7/2/2012,Can UKgov investigate barclays FAIL while parties funded by finance industry If you agree they can t sign RT this,,,
136,2.19747E+17,7/2/2012,Has the barclays Libor scandal at last turned the British public mood on banking anecdotal but glimmers of hope,,,
137,2.19809E+17,7/2/2012,riprap007 Should PWC be required to re examine barclays accounts considering aggressive tax avoidance and Libor fixing Yes,,,
138,2.19689E+17,7/2/2012,barclays chairman quits who is next,,,
139,2.19742E+17,7/2/2012,No I didn t know Marcus Agius former Chairman of barclays was on the BBC executive board He should resign from that too justsaying,,,
140,2.20041E+17,7/2/2012,Excellent MATT cartoon via Telegraph barclays libor,,,
141,2.1978E+17,7/2/2012,In barclays to see about moving all my assets here Because I m so impressed by Bob Diamond s geezers crooks,,,
142,2.1974E+17,7/2/2012,As the only board director of barclays on Twitter perhaps dambisamoyo could tell us what she thinks about the Libor scandal,,,
143,mDbbrjxbJXc,7/2/2012,"yes they will, as long as politician can be bought and paid for they will go free, it's only when the politician will be afraid of the people they will act on peoples behalf, if the politician are afraid of the bankers they will determine the terms. I like Celentes campaign to stop vote, when the election are invalid it will send a powerful signal to the politicians. it will force the parties to produce candidates that represent the people not the banksters!",,,
144,Sxdx-8yTAF8,7/2/2012,The Hell with “Stepping down”!  When bankers get caught cheating we have got to put them in prison!  Make the banks pay back what they stole through fraud plus a 100% penalty.  That would discourage the stockholders from encouraging such criminal activities..  And put those bankers responsible for the thefts and fraud in prison.  Why don’t we do this?  Because today paying  fines for  theft and fraud is just part of the cost of doing business and the regulators are either impotent or bought off.,,,
145,WsQMpQYRoYI,7/2/2012,the title is a lie and the description is too. ,,,
146,2.20277E+17,7/3/2012,barclays Libor quote fell 60bps day after Diamond s conversation with Tucker outpacing drop in other funding measures,,,
147,2.20057E+17,7/3/2012,Rates scandal claims barclays Bob Diamond,,,
148,2.2019E+17,7/3/2012,Sounds like there might be a job opening at barclays Cobra Commander would make an excellent choice as CEO of an evil bank Cobra,,,
149,2.20073E+17,7/3/2012,Most read by far on right now Diamond quits as barclays chief,,,
150,2.20052E+17,7/3/2012,bob Diamond quits The external pressure placed on Barclays has reached a level that risks damaging the franchise I cannot let that happen,,,
151,2.20277E+17,7/3/2012,Private banks have failed we need a public solution my Guardian column on the barclays scandal,,,
152,2.20182E+17,7/3/2012,barclays CEO Bob Diamond Faced A Rebellion In New York Over The Libor Fixing Scandal,,,
153,2.20103E+17,7/3/2012,I hope the 2nd best named person at barclays takes over from Bob Diamond Mr Rich Ricci That ll help the bank s image,,,
154,2.20204E+17,7/3/2012,barclays was told by BoE to lower Libor rates submitted,,,
155,2.2007E+17,7/3/2012,bob Diamond departs but Barclays is still in denial My blog take,,,
156,2.20051E+17,7/3/2012,Quite something peston in 30 years never seen soap opera like barclays Man who resigned back man who refused to go gone What a mess,,,
157,2.20137E+17,7/3/2012,barclays boss Bob Diamond bows to pressure and quits n,,,
158,2.20116E+17,7/3/2012,lucymarcus Risk management audit failures barclays Manipulates Libor While Auditor PwC Snoozes MUY HEAVY,,,
159,2.20051E+17,7/3/2012,live blog on barclays and diamond resignation,,,
160,2.20309E+17,7/3/2012,Will barclays Crisis Increase Consumer Distrust of Banks n nIn an ugly day for the Barclays brand and the b,,,
161,2.20059E+17,7/3/2012,bREAKING NEWS Jimmy Carr set to replace Bob Diamond as head of Barclays,,,
162,2.20123E+17,7/3/2012,Smartbrief CFOs Barclays CEO Diamond steps down,,,
163,2.20233E+17,7/3/2012,barclays vice chairman Naguib Kheraj has been appointed non executive director of the NHS Commissioning Board,,,
164,2.20128E+17,7/3/2012,Unbelievable but true The dishonesty of these people knows no bounds xugla barclays gags Guardian over tax avoidance,,,
165,2.20218E+17,7/3/2012,Third barclays bank chief resigns,,,
166,2.20052E+17,7/3/2012,Diamond gone Now someone has to return barclays to real banking instead of providing tax avoidance advice,,,
167,2.20083E+17,7/3/2012,Please don t worry about barclays Bob his Diamond Jubilee Handshake will ensure his kids don t go hungry,,,
168,2.20359E+17,7/3/2012,Absa riding the market backlash Rocked by dividends scandal parent barclays debacle absa barclays,,,
169,2.20189E+17,7/3/2012,barclays reveals Bank call memo,,,
170,2.20281E+17,7/3/2012,All those anti OccupyLSX trolls from last year Now do you get it libor barclays ukuncut,,,
171,2.20198E+17,7/3/2012,NEWS New barclays advert to feature Satan fisting a puppy,,,
172,2.20061E+17,7/3/2012,FULL INTERVIEW Osborne Diamond resignation was right decision barclays r4today,,,
173,2.20057E+17,7/3/2012,I resign no I don t yes I do I resign no I don t yes I do I resign no I don t yes I do I resign no I don t yes I do barclays,,,
174,2.20093E+17,7/3/2012,I have recorded this special Our Tune sent in by bob barclays diamond jreedmp,,,
175,2.20281E+17,7/3/2012,barclays We re not sharks,,,
176,2.20056E+17,7/3/2012,the other mj New barclays advertising slogan Diamonds aren t forever,,,
177,2.20083E+17,7/3/2012,Head of barclays resigns the highest ranking banking executive to step down in the wake of an interest rate scandal,,,
178,2.20208E+17,7/3/2012,A tale of two ineptly managed bloated quasi criminal megabanks pareene takes on JPMorgan barclays,,,
179,2.20339E+17,7/3/2012,bank of England Allegedly Secretly Instructed Barclays To Manipulate Libor Interest Rates,,,
180,2.20153E+17,7/3/2012,barclays Brawl Elite manipulated market UK laws only give slap on wrist AnissaNaouai,,,
181,2.20084E+17,7/3/2012,Harry Redknapp for barclays boss,,,
182,2.20252E+17,7/3/2012,It would take someone on the Minimum Wage 9488 years to earn the cash bob Diamond has taken for crashing and burning Barclays,,,
183,2.20179E+17,7/3/2012,Here is that devastating attack on the bank of England by Barclays I can hear City bankers running to nuclear shelters,,,
184,2.20217E+17,7/3/2012,An interesting first week for barclays new head of corporate comms Steve Doherty ex of Diageo Time for a stiff Johnnie Walker or two,,,
185,2.20094E+17,7/3/2012,Pondering whether footering about on a boris Barclays bike will now become socially unacceptable moraloutcast,,,
186,2.20154E+17,7/3/2012,barclays Bankers and Bob I humbly suggest this short blog will make you smile At least LBC via lbc973,,,
187,2.20056E+17,7/3/2012,So bob Diamond has been hounded out of Barclays didn t we used to call that taking responsibility,,,
188,2.20323E+17,7/3/2012,barclays C E O Resigns As Bank Frames a Defense,,,
189,2.2017E+17,7/3/2012,The barclays document for Bob Diamonds TSC appearance that has just made this crisis much bigger,,,
190,8pywh-RkdK8,7/3/2012,Awwwwww....gratz!!,,,
191,mSWUowKuSzI,7/3/2012,as long as cameron appears to be doing his job the sheep will wait to be castrated.,,,
192,8pywh-RkdK8,7/3/2012,Honey moon in New Zealand's Gold and Silver fields! Welcome!,,,
193,mSWUowKuSzI,7/3/2012,the Elite manipulate everything especialy the tv news.,,,
194,Ez3qM4txuao,7/3/2012,you fucking peice of shit jew! you talk about having children you fucking baby killer! how the fuck do you even dare to talk about saving the world while you jews are stealing everything? killing 100000000 palestinians and then you come here and talk about freedom and dignity? piss of jew go back to israhell,,,
195,H_yYVF-XKi8,7/3/2012,"never knew this was your Facebook page mate, which admin are you?  You may know my page, Super Tottenham from The Lane",,,
196,mSWUowKuSzI,7/3/2012,your word might come true the world are tires with the west they can see the west elite rob their own people  and tell the 3 rd world we give democracy let us control your natural resources and your government,,,
197,Ez3qM4txuao,7/3/2012,How dare they?!? They are fucking with the U.S. We should just annhilate Iran and remind the World who is boss.,,,
198,8pywh-RkdK8,7/3/2012,Great program guys :)),,,
199,mDbbrjxbJXc,7/3/2012,"Stockholders control companies....FACT.
The people who have the Most shares of stock...
Control those companies....FACT.
Get out of the world's stock market? 
You just let the NWO gobble up all the companies
and put all the poisons, growth hormones, crap...
that will slow kill you.",,,
200,ei_mbMjZxhU,7/3/2012,Where does AlJazeera got the information that Arafat was poisened?,,,
201,Ez3qM4txuao,7/3/2012,"They are vanity, the work of errors: in the time of their visitation they shall perish.",,,
202,ZC_la9ar93w,7/3/2012,"w w w (dot) fsa (dot) gov (dot) uk  (slash) static (slash) pubs (slash) final (slash) barclays (dash) jun12 (dot) pdf

w w w  fsa gov uk static pubs final barclays  jun12 pdf",,,
203,g-6WGEiIH0M,7/3/2012,"Folk collect em and swap em. or just tape em off the tv and burn em. Buy an editing kit, chop the footage if need be and there you are. Matty Red man has a good deal of top uploads as well. Him and Sunstroker are the two main United bods on You tube. I've a few but the time those two fellas put in...",,,
204,2.20503E+17,7/4/2012,barclays claiming they have a recording of phonecall between Bob Diamond Paul Tucker They are not releasing this into the public domain,,,
205,2.20733E+17,7/4/2012,banks across the world fixed interest rates in run up to the financial crisis says former Barclays chief executive,,,
206,2.20706E+17,7/4/2012,LIbOR Banking Scandal Deepens Barclays Releases Damning Email Implicates British Government via rollingstone,,,
207,2.20528E+17,7/4/2012,Former v senior investment banker gets in touch If this is standard to expect from Tyrie led inquiry it won t get very far barclays,,,
208,2.20539E+17,7/4/2012,Diamond says unaware of principles of Quakers who founded barclays honesty integrity plain dealing But claims he abides by them anyway,,,
209,2.20523E+17,7/4/2012,Word criminality finally uttered at barclays hearing,,,
210,2.20529E+17,7/4/2012,bREAKING CERN to smash Bob Diamond into Paul Tucker at incredible speed in hunt for elusive Truth particle diamond Barclays,,,
211,2.2055E+17,7/4/2012,Diamond summary I love barclays I love it so much I did not notice openly illegal behaviour which was destroying it,,,
212,2.20508E+17,7/4/2012,bob Diamond has yet to finalise his exit package which could obviously influence what he says about Barclays and others in it,,,
213,2.20654E+17,7/4/2012,RT rapoportwsj Janet Tavakoli explains why it s so important for journalists to stand up to the banks barclays,,,
214,2.20439E+17,7/4/2012,Data Crunch barclays Bob Diamond Timeline,,,
215,2.2054E+17,7/4/2012,Fuck barclays Boris Bikes vandalised RT MehreenKhn This is sick,,,
216,2.20566E+17,7/4/2012,Can anyone trust bBC coverage of BobDiamond affair M Agius is head of Barclays and on the BBC executive board Conflict of interest,,,
217,2.20428E+17,7/4/2012,If barclays were making the CERN announcement they would have fixed the GeV figure and charged a fee for every further atomic interaction,,,
218,2.20658E+17,7/4/2012,To all the ppl out of work At least two jobs are vacant at barclays ridiculous pay and you can almost get away with anything,,,
219,2.20462E+17,7/4/2012,Private banks have failed we need a public solution my column in the Guardian today on barclays rigging scandal,,,
220,2.20471E+17,7/4/2012,Westminster blog The questions that bob Diamond needs to be asked today Barclays,,,
221,2.20451E+17,7/4/2012,Libor spotlight falls on critical days in 2008 an important summary barclays libor,,,
222,2.20554E+17,7/4/2012,UK MPs question former barclays executive,,,
223,2.2071E+17,7/4/2012,For you anything barclays Libor emails paint ugly picture via CNNMoney,,,
224,2.20535E+17,7/4/2012,Summary of Diamond s evidence so far It was wrong and I love barclays,,,
225,2.20537E+17,7/4/2012,Hah Someone expresses disgust with barclays in London by via taxbod and mr ceebs,,,
226,2.20605E+17,7/4/2012,Unanswered questions on barclays remain,,,
227,2.20514E+17,7/4/2012,Ex barclays boss Bob Diamond is giving evidence to MPs after the rate fixing scandal But what is Libor Our Q A,,,
228,2.20572E+17,7/4/2012,WbR Bob Diamond gets a grilling The former chief executive of Barclays has been facing tough questions from Br,,,
229,2.20508E+17,7/4/2012,To get your barclays CEO name take the amounts of your first then last paycheques For example Bob Diamond,,,
230,v6afxJDBoy4,7/4/2012,"People can learn the ways in which their economy and society functions either through their educational system or in the school of HARD KNOCKS. It appears that the educational systems of most nations is pathetically primitive and backward, and lacking in any real world understanding of Open Systems. In short, worthless. If this is NOT the true state of every nations' education system, why then is the school of HARD KNOCKS teaching EVERYONE practically EVERYTHING today???      ",,,
231,ei_mbMjZxhU,7/4/2012,I hope they discover the truth.,,,
232,8pywh-RkdK8,7/4/2012,"Max you DOG, I had dibs on Stacy!",,,
233,E0K7AifGw2E,7/4/2012,"""Expressing regret over the actions of others""

Notice a pattern here? Rupert Murdock and Jamie Dimon did the same thing. CEOs always kick down responsibility when something goes wrong and only take credit for success. ""Personal responsibility"" is only a rhetorical cudgel used to beat down workers, minorities, the poor and the middle-class. It never applies to the financial elite.",,,
234,WsQMpQYRoYI,7/4/2012,"What a lot of old tosh.
'City worker has has an inspiring moment of clarity/mental breakdown in......' (spontaneously camera's seize the moment from multiple angles).
Fuck you, and fuck anyone so stupid they can't see through this bollocks, leaving comments like bravo bravo huzzar huzzar, whatever the fuck that's supossed to mean. 
Lame as fuck.",,,
235,mDbbrjxbJXc,7/4/2012,"That seems like a fairly skewed take on individualism if you equate Rand with the current corrupt fascist system. Having that said human nature is to benefit self first. Just look at any of the socialist experiments and tell me where it wasn't hijacked by polite bureaus who put themselves above everyone in wealth, benefits etc Individualism is about individual rights and freedoms but needs to operate within a frame of law and that latter part has not been done. So point blame in right direction.",,,
236,8pywh-RkdK8,7/4/2012,"I think they make a cute couple, for years now, if not mistaken.  And it helps the show, Max has the analytical skills and laughs and Stacy brings the organizational skills and ability to concisely summarize the items and keep Max on track; I learn allot from their show and laugh at the same time.  ",,,
237,v6afxJDBoy4,7/4/2012,"That's why I commented before that we should take the Karl Marx's ""Communist Manifesto"" teachings right now and start the revolution.",,,
238,2.21065E+17,7/5/2012,Matt Taibbi LIbOR Banking Scandal Deepens Barclays Releases Damning Email Implicates British Government,,,
239,2.20838E+17,7/5/2012,how is it comedian s tax arrangements are issue for PM to pronounce on but Diamond s pay off is a matter for barclays morality,,,
240,2.20817E+17,7/5/2012,rolfable pisstake of stephen merchant barclays ad,,,
241,2.20799E+17,7/5/2012,Who says bankers have no sense of humour AntonKreil For the best Fixed Rates barclays,,,
242,2.20847E+17,7/5/2012,The bank s handling of Diamond s ejection has put been a dangerous farce and put Barclays at risk,,,
243,2.20955E+17,7/5/2012,The big Picture is back ArmineYalnizyan goldyhyder and Bill Robson talk the Barclays scandal and France s new taxes on the rich,,,
244,2.20904E+17,7/5/2012,The one fact that kills dead accusation barclays fixed rates on back of 2008 phone call with BoE They were doing it since 2005,,,
245,2.21134E+17,7/5/2012,Milan judge orders 20 bankers from barclays Italian bank UniCredit SpA to stand trial on tax fraud charges via reddeviljp,,,
246,2.20776E+17,7/5/2012,Moodys worry barclays won t find boss w Bob Diamond s skills How about the guys who knock the door claiming you ve got guttering problems,,,
247,2.20977E+17,7/5/2012,Read the barclays emails that left CEO Bob Diamond feeling physically ill,,,
248,2.20787E+17,7/5/2012,bob Diamond steps aside from hosting London fundraiser for Mitt Romney to focus all his attention on Barclays,,,
249,2.20934E+17,7/5/2012,So Tory ex bankers several of whom worked for barclays are going to look into the banking fiasco Nice,,,
250,2.21126E+17,7/5/2012,Ian Fraser Investors now recognise that most of barclays s 55 6bn of book value is fictional But PWC don t agree,,,
251,v6afxJDBoy4,7/5/2012,lol@a Greek whining about the laziness of other people.,,,
252,01WI5rwS7JA,7/5/2012,Having to sets of laws for the same crime...Now you know what Black Americans have been aware of for years and often fallen victim too.,,,
253,v6afxJDBoy4,7/5/2012,"When I was in Hong Kong I was surprised to see that the printed HKD banknotes, rather than having symbols of either Chinese statehood or Hong Kong's local government on them, are directly issued by HSBC and printed with the HSBC logo on them, not unlike Scottish banknotes which are directly issued by private banks. Well at least it's honest! I guess SAR is just a euphemism for compradorial entrepot...",,,
254,mDbbrjxbJXc,7/5/2012,"Guys, can you guys plot the LIBOR vs the US Federal Funds rate? You might learn a thing or two about manipulation... ",,,
255,E0K7AifGw2E,7/5/2012,When the managers of large companies get caught cheating we have got to put them in prison!  Make the companies pay back what they stole through fraud plus a 100% penalty.  That would discourage the stockholders from encouraging such criminal activities..  And put those managers responsible for the thefts and fraud in prison.  Why don’t we do this?  Because today paying  fines for  theft and fraud is just part of the cost of doing business and the regulators are either impotent or bought off.,,,
256,rmuqW-ipXuU,7/5/2012,Herzlichen Glückwunsch ;>,,,
257,8pywh-RkdK8,7/5/2012,"oh my i didnt know they were married lol congratulations 

on a side note are max and stacey filming themselvs from different places?

it seems like there using camera tricks to make it look like there in the same room.

none the less great video",,,
258,8pywh-RkdK8,7/5/2012,That wasn't meant to be funny or entertaining.,,,
259,v6afxJDBoy4,7/5/2012,"The ECB is ""overworked,"" that's rich! Yeah, we all see the effect their oh-so-thorough due diligence has had on the still hopelessly insolvent European banking system. Maybe if they spent less time stuffing their balance sheet with garbage and more time polishing their jackboots, then desperately needed transparency perversely raising confidence finally might be achieved.",,,
260,zsgACAXkrBk,7/5/2012,"and this is why banking regulations exist

deregulation isn't about freedom of choice or free markets, it's about allowing businesses to do whatever the fuck they want and the government won't touch 'em.  ",,,
261,rmuqW-ipXuU,7/5/2012,GZ...du wahnsinniger! :D,,,
262,5fCubkRh95s,7/5/2012,"No laws or laws with teeth or ignoring any wrongdoing by the groups supposedly checking them. Until this changes nothing will ever happen He is sorry though. They are all sorry. Sorry enough to resign or retire with all their money. Damn that's harsh punishment. I doubt any other bankers or executives will do it ever again. 
",,,
263,2.21399E+17,7/6/2012,barclays s board kicks off an urgent search to find a CEO to succeed Robert Diamond,,,
264,2.21385E+17,7/6/2012,Will The british Bankers Association Ban Barclays As It Said It Would BritishBankers,,,
265,2.21264E+17,7/6/2012,Launched today our new barclays Mobile Banking app for your iPhone or nAndroid Download here T Cs apply,,,
266,2.21249E+17,7/6/2012,Hello ArwaM has written about brand Hacking in the Guardian and talked to me about my Barclays spoof n I know,,,
267,2.21182E+17,7/6/2012,barclays need a new manager Harry Redknapp is favourite with the bookies,,,
268,2.2128E+17,7/6/2012,I m afraid this is not a barclays ad commentisfree looks at the rise in brand hacking,,,
269,01WI5rwS7JA,7/6/2012,"Not how I pictured Reggie Middleton
",,,
270,mDbbrjxbJXc,7/6/2012,Well that is the way it is! The US and the UK rule the world; and this is what they like most: rob the rest of humanity!,,,
271,01WI5rwS7JA,7/6/2012,"Did I mention the burning hot curling iron in the rectal orafice? I'm sure Alan Greenspan, Ben Bernanke, Lloyd Blankfein, Jamie Dimon would enjoy that very much since they love to cause innocent people to suffer for their greed. We'll start the rectum searing with Bernie Madoff and John ""The Don"" Corzine first and then work our way down to the politicians who seem to turn a blind eye to all this corruption and violence done to innocent people. How's that sound banker nerds? Fun? Or what? C'mon.",,,
272,01WI5rwS7JA,7/6/2012,You are way too forgiving..;),,,
273,CI2M1olG2Oo,7/6/2012,im so mad right now !,,,
274,8pywh-RkdK8,7/6/2012,"Fox isn't great either, just a government controlled idiot channel.",,,
275,v6afxJDBoy4,7/6/2012,"I agree. Economics is a social science dependent on human behavior. Mathematical modeling cannot predict anything. 

To get an understanding of real world economics check out Austrian Economics such as the works of Mises, Rothbard, Hazlitt, and those that tend towards non-interventionism. The world seems to be doubled down on Keynesianism because it excuses and calls for massive central government planning and control rather than freedom. Governments do not improve anyone's lives, only freedom.",,,
276,2.21828E+17,7/7/2012,barclays rate rigging scandal sends shockwaves through world finance Libor Euribor ows,,,
277,2.21834E+17,7/7/2012,barclays scandal shocks global finance,,,
278,2.21595E+17,7/7/2012,In a special version of Mitt Loves N Y we cover bob Diamond former CEO of Barclays and Romney dinner host,,,
279,5c0OuGLOTx8,7/7/2012,"It’s time to call out the Big Moneybags and Big Business - and the Big Armed Force Puppets mindlessly enforcing their Global Control Scam. It’s time to call out their sick perverted game of inhumanity. These sick, perverted individuals are ANTI-SOCIAL – ANTI-DEMOCRATIC – and ANTI-LIFE. Call them on it. Relentlessly hound them on it. Be their worst nightmare. Don’t give them one minute’s peace. DON’T LET them rest, relax, smile, or enjoy one moment. Make them SICK of themselves and their lives.",,,
280,ZC_la9ar93w,7/7/2012,"Socialize the Loss Privitize the gain  - It's the New Tyranny from the Oligarcy/Plutocracy/Corptocracy  - Government Colludes to allow them to get away with it, They perform malfesance to allow criminals to now get away with it under the laws by changing the laws,, meanwhile the despots watch jersey shore and get foreclosed on,, WAKE UP Find out who is John Galt is and Start Preaching like Howard Beale ",,,
281,ZC_la9ar93w,7/7/2012,"When I go vote I'm going to write in ""William K. Black"".  ",,,
282,40SvFO-mgcU,7/7/2012,Un himno.  Gracias por compartirlo.,,,
283,2.21979E+17,7/8/2012,barclays email We are dirty clean v dirty clean Banking capital markets midst of greed tsunami ethics corpgov,,,
284,2.22151E+17,7/8/2012,RT feneleyandco Fmr barclays boss reveals a telling skeleton in Diamond s closet,,,
285,2.22036E+17,7/8/2012,Has barclays and Ernst and Young brought corporate responsibility reporting into disrepute,,,
286,v6afxJDBoy4,7/8/2012,I love you Ms. Lyster !!!,,,
287,v6afxJDBoy4,7/8/2012,fiat,,,
288,2.22585E+17,7/9/2012,How your high street barclays was hijacked then wrecked by Bob Diamond s investment bankers My col today,,,
289,2.22423E+17,7/9/2012,Stencil of Cameron crying while wanking over a copy of The Sun Is he getting off over page 3 Nah it s a pic of barclays Boss Bob Diamond,,,
290,2.22359E+17,7/9/2012,Jay Z Announces Dates For barclays Center Opening Night Concerts In Brooklyn,,,
291,2.22425E+17,7/9/2012,bank did not lean on Barclays Clegg House of Lords is flawed Racism very hurtful Cruise and Holmes settle divorce,,,
292,2.22475E+17,7/9/2012,Jay Z concerts barclays Center Sept 28 30 will have 7 000 29 tickets available On sale Friday Noon,,,
293,2.22303E+17,7/9/2012,MASieghart diane1859 My own experience of the Diamond halo effect at barclays is here,,,
294,2.22337E+17,7/9/2012,Sent the brilliant billy Connolly a jest or two about Barclays His apt reply I m old enough to remember when bank robbers wore masks,,,
295,2.22226E+17,7/9/2012,barclays considers break up,,,
296,2.22441E+17,7/9/2012,Jay Z will open barclays Center in Brooklyn with three consecutive concerts in September,,,
297,LNIayoaqBu8,7/9/2012,Bam,,,
298,_O4XVRqfRQQ,7/9/2012,thx bro good work,,,
299,LNIayoaqBu8,7/9/2012,The fate and bait...faith?   ..urban/city...high class!  ..country blues and union retires!   ...Lauren could someday be the president of the United States of AMERICA!,,,
300,2.22673E+17,7/10/2012,How generous of barclays Diamond to only take 2m and not 20m Excuse me while I vomit on greedybankers,,,
301,2.22617E+17,7/10/2012,I ll shortly be liveblogging barclays Chairman Marcus Agius testimony on Libor before the Treasury Select Committee at,,,
302,2.22698E+17,7/10/2012,bOOM New York Fed Says It Knew of Barclays Libor Problems in Crisis,,,
303,2.22861E+17,7/10/2012,FSA had warned barclays of aggressive behaviour,,,
304,2.22816E+17,7/10/2012,Calls for outsiders to take barclays helm,,,
305,2.22785E+17,7/10/2012,Pic This barclays Bus Stop of The Day,,,
306,2.22798E+17,7/10/2012,My protest against barclays,,,
307,2.22927E+17,7/10/2012,LPMercer Political bill word 34 The string Barclays Swiss Bank account ties him to the TBTF and LIBOR scandal no escaping the association,,,
308,2.22647E+17,7/10/2012,Due to tech problems our main news story on barclays is taking a while to update Follow the action on our live blog,,,
309,2.22622E+17,7/10/2012,barclays Agrees Diamond Pay Off Of About 2m,,,
310,2.227E+17,7/10/2012,Federal Reserve Admits It Knew Of barclays Libor Problems,,,
311,2.22646E+17,7/10/2012,bob Diamond s contract says he s entitled to 6 months pay So Barclays board is choosing to pay him 12 months,,,
312,2.22893E+17,7/10/2012,barclays lobbyist to host Romney fundraiser in London,,,
313,LNIayoaqBu8,7/10/2012,BUY SILVER !,,,
314,LNIayoaqBu8,7/10/2012,"I have nothing against the Futures or FX markets and I know these forms of risk sharing will ALWAYS be available to investors. Why? Because we all pony up FULL collateral to back our investments. When I invest in the Euro taking a nose dive against someone who invests in that not happening, we BOTH put up CASH on the spot. We put our money where our mouth is. And either I'm right and take the other investor's cash, or vice versa. But bankers play with Phantom Cash they create out of nowhere. ",,,
315,L_JlvBuHZxY,7/10/2012,Has he foregone his pension too ? I doubt it ? Something to think about when your pension is vapourised by the banks & their puppet alleged politicians. ,,,
316,H_yYVF-XKi8,7/10/2012,Great vid mate -COYS!!!,,,
317,wh1e2LP16ps,7/10/2012,I have heard the Bro. before and he can send a message straight to your spirit. Aww man that was a great message. ,,,
318,LNIayoaqBu8,7/10/2012,"So to preserve my 401 what fund should I put it in ? They ( corperations  ) have us over a berrel,they have company matches so I put 12% and they match  up to 7% and at the end of the year they put an additional 6 % so right now 25 % is being put away anually so what do I do to protect it ? or will I ever collect ? Like I said I have a good amount of PM's and if things get real bad I am hoping that will be my salvation,so the million dollar question do I quit funding my 401 and buy more PM's ?",,,
319,LNIayoaqBu8,7/10/2012,"401Ks evaporated. The Federal Reserve and the UNITED STATES corporation both work under the IMF. All they are currently doing is leeching whatever money they can by a myriad of different taxing scams and various 'government' programs. The corporation is bankrupt. The current IMF international banker controlled financial system is being run out of business. The people are the source of the financing, hence no need for the gold standard or anything of any value backing the fiat currency. ",,,
320,a-VZurTKSQ0,7/10/2012,"Just got him in pack, now i put him up for only 200k on PS3.... Got get him!",,,
321,v6afxJDBoy4,7/10/2012,Alyona should get these people on her show! instead of adding this TWIT! to the line up! Alyona should Body Slam this FAKE! TWIT!!,,,
322,WE5BGwYO9WA,7/10/2012,peRFect,,,
323,LNIayoaqBu8,7/10/2012,"In today's crazy world, trillions are the new billions!",,,
324,v6afxJDBoy4,7/10/2012,Nomi Prins should body slam this Fake Twit! ,,,
325,9rISNHc1_rU,7/10/2012,i luv this video! it shows a new side of all of them! and its rlly good quality thank u! :),,,
326,2.23294E+17,7/11/2012,Jay Z will now play FIVE shows at barclays Center Sept 28 29 30 Oct 3 4 Tickets on sale this Friday 10AM,,,
327,2.2307E+17,7/11/2012,OK now that you finally understand what s happening at barclays another financial scandal to unravel moorehn,,,
328,2.23017E+17,7/11/2012,Exclusive Investors in major banks are to begin pushing for industry wide Libor settlement amid fears of a barclays style executive purge,,,
329,2.22998E+17,7/11/2012,AUDIO Shareholder s dilemma over barclays future,,,
330,2.23277E+17,7/11/2012,Presale tomorrow JAY Z at barclays Center on Sat Sep 29 8 00 PM,,,
331,LNIayoaqBu8,7/11/2012,"$1 trillion is $1 million per day for 2,700 years.",,,
332,l7hiU09r3pw,7/11/2012,You can loose your cash as well.... So no difference. I like it!,,,
333,sRwN0zE54N4,7/11/2012,"can't find the words, but when i saw him at his first australian open - i just  know he would be the greatest of all time! respect to agassi, sampras, nadal, djokovic and becker. but he's different. this person is...yeah, just said it: CAN'T FIND THE WORDS!",,,
334,WE5BGwYO9WA,7/11/2012,"This year.. this year
Vamos Rafa!!!",,,
335,2.23493E+17,7/12/2012,barclays 2012 deficit on track to be 1 2 trillion trillionheretrillionthere,,,
336,2.23574E+17,7/12/2012,barclays to pay 12 5m more a season in 120m sponsorship deal with Premier League over three years Premier Lea,,,
337,2.23528E+17,7/12/2012,EPL agree new deal with barclays Football Premier League agree 120 million sponsor deal,,,
338,2.23552E+17,7/12/2012,Not 1 Not 2 Not 3 Not 4 Not 5 Not 6 Not 7 8 nigga Hov barclays Center Brooklyn,,,
339,2.23578E+17,7/12/2012,CONFIRMED barclays signs new three year Premier League sponsorship deal We ll be keeping the same Twitter name then,,,
340,2.23382E+17,7/12/2012,Romney is planning 75 000 per head London fundraisers hosted by barclays lobbyists presumably paid for w bonuses,,,
341,a-GmTxTrkOE,7/12/2012,CHELSEA!!!,,,
342,01WI5rwS7JA,7/12/2012,"channel 4 who have requested it blocked on the grounds of copy right. So youtube denies access and states it is blocked for viewers where i am (UK) due to copy right laws. Many other sites say the same.

It is kinda funny, non of their other videos are blocked from what i can tell. Jusdt this one... says alot really.",,,
343,_IE7rHh4Arc,7/12/2012,I love you Stacy,,,
344,_IE7rHh4Arc,7/12/2012,"they won't admit that. For instance, the SEC (which is corrupt) slaps a fine on a corrupt bank. The bank pays the SEC (again, corrupt) a fine. So the criminals charge the other  criminals with a fine and the criminals pay the other criminals a fine.",,,
345,_IE7rHh4Arc,7/12/2012,"The gold that gordon brown the then prime minister of the UK was sold at $400 per ounce in 1999 in 2011  gold went up to $1,800 per ounce,it makes one wonder where it went and if he knew it would rise in price.A very big loss for Britain it was half of all our gold.",,,
346,2.23812E+17,7/13/2012,barclays just the tip of Libor scandal which is just the tip of malfeasance in finance which is just the tip of broader finance probs,,,
347,2.23815E+17,7/13/2012,NY Fed told about Libor by barclays employee,,,
348,2.23776E+17,7/13/2012,bARCLAYS REMOVES ITALIAN BONDS FROM INFLATION LINKED INDEX AFTER DOWNGRADE,,,
349,2.23683E+17,7/13/2012,Ramsdens MidYorksChamber smilessms TheMediaCentre barclays WildcatsComm partners of MYnetwork thanks for supporting local businesses,,,
350,2.23896E+17,7/13/2012,Love how this story ends barclays says JPMorgan still attractive after will be a 7 billion loss We really need,,,
351,2.23893E+17,7/13/2012,The New York Fed knew barclays was fudging its Libor submissions,,,
352,2.23764E+17,7/13/2012,Too little too late Regulating finance after the barclays scandal,,,
353,LNIayoaqBu8,7/13/2012,Or a thousand billion,,,
354,_IE7rHh4Arc,7/13/2012,"The USA Olympic Team's uniforms are made in China. Nothing is more Americana than capitalism and outsourcing for the purposes of exploiting cheap labour to make a profit. The uniforms stylishly tell the tale of the USA and the USA's relationship with China.
NO POLITICIAN should dare slam the USOC because the USOC is PRIVATELY funded. Again another ""Americanism"" is that using tax dollars for anything is ""socialism"". So publicly fund the USOC or the politicians should just SHUT UP!",,,
355,a-VZurTKSQ0,7/13/2012,I bought Balotelli iMOTM and Torres iMOTM they´re beast,,,
356,LNIayoaqBu8,7/13/2012,One trillion is a million million,,,
357,2.24281E+17,7/14/2012,Tesco and barclays are sponsors of Pride London Are LGBT people happy being patronised by gentrification financial fraud and workfare,,,
358,2.24086E+17,7/14/2012,Ian Fraser CMollenkamp How the Guardian reported barclays alleged involvement in money laundering in 2001,,,
359,2.24271E+17,7/14/2012,E mails show Geithner flagged barclays Libor problems in 2008 The Globe and Mail,,,
360,2.24183E+17,7/14/2012,Sky News City Editor obtains barclays email hinting to staff that other banks will be hit harder over Libor,,,
361,2.24081E+17,7/14/2012,barclays office built on ancient Indian burial ground,,,
362,BOqUlrpLoWU,7/14/2012,Can't wait for the season! #HelloBrooklyn,,,
363,_IE7rHh4Arc,7/14/2012,"One of Max's best interviews yet, he even kept his cool, thanks heaven. Your entirely correct, the financial sector is beyond any reform, and in any case people always must reform themselves, perhaps a good deterrent would help, like, as Max suggests, hanging! Even if it weren't deterrent enough, then at the very least they won't re-offend.
LieBOR is a massive crime, but others like the Au/Ag suppression is equally nefarious and deserves the same attention and outrage.
",,,
364,a-VZurTKSQ0,7/15/2012,Rees is better. 19 Pace is soo OP,,,
